field	classification
Account.accessToken	@db.Text
Account.accountId	default VARCHAR(191)
Account.id	default VARCHAR(191)
Account.idToken	@db.Text
Account.password	default VARCHAR(191)
Account.providerId	default VARCHAR(191)
Account.refreshToken	@db.Text
Account.scope	@db.Text
Account.userId	default VARCHAR(191)
Attribute.id	default VARCHAR(191)
Attribute.name	@db.VarChar(255)
AttributeValue.attributeId	default VARCHAR(191)
AttributeValue.id	default VARCHAR(191)
AttributeValue.label	@db.VarChar(255)
AttributeValue.swatch	@db.VarChar(512)
AuditLog.entity	@db.VarChar(255)
AuditLog.entityId	@db.VarChar(255)
AuditLog.id	default VARCHAR(191)
AuditLog.ipAddress	default VARCHAR(191)
AuditLog.userAgent	@db.Text
AuditLog.userId	default VARCHAR(191)
Banner.bgColor	default VARCHAR(191)
Banner.buttonText	default VARCHAR(191)
Banner.description	@db.Text
Banner.id	default VARCHAR(191)
Banner.image	@db.VarChar(512)
Banner.link	@db.VarChar(512)
Banner.mobileImage	@db.VarChar(512)
Banner.productId	default VARCHAR(191)
Banner.promoBannerGroupId	default VARCHAR(191)
Banner.subtitle	@db.VarChar(512)
Banner.textColor	default VARCHAR(191)
Banner.title	@db.VarChar(512)
BlogPost.body	PRE-ANNOTATED
BlogPost.excerpt	PRE-ANNOTATED
BlogPost.id	default VARCHAR(191)
BlogPost.imageUrl	@db.VarChar(512)
BlogPost.metaDescription	@db.Text
BlogPost.metaTitle	@db.VarChar(512)
BlogPost.slug	default VARCHAR(191)
BlogPost.title	@db.VarChar(512)
BlogPost.videoThumbnailUrl	@db.VarChar(512)
BlogPost.videoUrl	@db.VarChar(512)
Brand.description	@db.Text
Brand.id	default VARCHAR(191)
Brand.logo	@db.VarChar(512)
Brand.name	@db.VarChar(255)
Brand.slug	default VARCHAR(191)
BundleDeal.id	default VARCHAR(191)
BundleDeal.name	@db.VarChar(255)
Campaign.description	@db.Text
Campaign.id	default VARCHAR(191)
Campaign.name	@db.VarChar(512)
CampaignProduct.campaignId	default VARCHAR(191)
CampaignProduct.id	default VARCHAR(191)
CampaignProduct.productId	default VARCHAR(191)
Cart.customerId	default VARCHAR(191)
Cart.guestToken	default VARCHAR(191)
Cart.id	default VARCHAR(191)
CartItem.cartId	default VARCHAR(191)
CartItem.id	default VARCHAR(191)
CartItem.productId	default VARCHAR(191)
CartItem.variantId	default VARCHAR(191)
Category.banner	@db.VarChar(512)
Category.description	@db.Text
Category.id	default VARCHAR(191)
Category.image	@db.VarChar(512)
Category.name	@db.VarChar(255)
Category.parentId	default VARCHAR(191)
Category.seoDescription	@db.Text
Category.seoTitle	@db.VarChar(512)
Category.slug	default VARCHAR(191)
Coupon.code	default VARCHAR(191)
Coupon.description	@db.Text
Coupon.id	default VARCHAR(191)
CouponProduct.couponId	default VARCHAR(191)
CouponProduct.id	default VARCHAR(191)
CouponProduct.productId	default VARCHAR(191)
CourierTrackingEvent.dedupeKey	default VARCHAR(191)
CourierTrackingEvent.id	default VARCHAR(191)
CourierTrackingEvent.notificationType	default VARCHAR(191)
CourierTrackingEvent.shipmentId	default VARCHAR(191)
CourierTrackingEvent.status	default VARCHAR(191)
CourierTrackingEvent.trackingMessage	@db.Text
Customer.avatar	@db.VarChar(512)
Customer.email	default VARCHAR(191)
Customer.firstName	default VARCHAR(191)
Customer.id	default VARCHAR(191)
Customer.lastName	default VARCHAR(191)
Customer.phone	default VARCHAR(191)
Customer.userId	default VARCHAR(191)
CustomerAddress.addressLine1	@db.VarChar(512)
CustomerAddress.addressLine2	@db.VarChar(512)
CustomerAddress.city	default VARCHAR(191)
CustomerAddress.country	default VARCHAR(191)
CustomerAddress.customerId	default VARCHAR(191)
CustomerAddress.fullName	@db.VarChar(512)
CustomerAddress.id	default VARCHAR(191)
CustomerAddress.phone	default VARCHAR(191)
CustomerAddress.postalCode	default VARCHAR(191)
CustomerAddress.state	default VARCHAR(191)
Font.family	@db.VarChar(255)
Font.id	default VARCHAR(191)
Font.url	@db.VarChar(512)
Integration.provider	default VARCHAR(191)
Integration.publicId	default VARCHAR(191)
IntegrationCredential.id	default VARCHAR(191)
IntegrationCredential.kind	default VARCHAR(191)
IntegrationCredential.lastFour	default VARCHAR(191)
IntegrationCredential.provider	default VARCHAR(191)
IntegrationCredential.value	@db.Text
LandingPage.badgeText	default VARCHAR(191)
LandingPage.bodyHtml	PRE-ANNOTATED
LandingPage.facebookPixelId	default VARCHAR(191)
LandingPage.headline	@db.VarChar(512)
LandingPage.id	default VARCHAR(191)
LandingPage.metaDescription	@db.Text
LandingPage.metaTitle	@db.VarChar(512)
LandingPage.ogImageUrl	@db.VarChar(512)
LandingPage.orderPhone	default VARCHAR(191)
LandingPage.productId	default VARCHAR(191)
LandingPage.slug	default VARCHAR(191)
LandingPage.subheadline	@db.VarChar(512)
LandingPage.successHeading	@db.VarChar(512)
LandingPage.successMessage	@db.Text
LandingPage.title	@db.VarChar(512)
Notification.id	default VARCHAR(191)
Notification.link	@db.VarChar(512)
Notification.message	@db.Text
Notification.title	@db.VarChar(512)
Notification.userId	default VARCHAR(191)
Order.couponCode	default VARCHAR(191)
Order.createdByUserId	default VARCHAR(191)
Order.customerId	default VARCHAR(191)
Order.deliveryOptionKey	default VARCHAR(191)
Order.deliveryOptionLabel	@db.VarChar(512)
Order.discountReason	@db.Text
Order.guestIp	default VARCHAR(191)
Order.id	default VARCHAR(191)
Order.idempotencyKey	default VARCHAR(191)
Order.landingPackageKey	default VARCHAR(191)
Order.landingPackageLabel	@db.VarChar(512)
Order.landingPageId	default VARCHAR(191)
Order.landingPageTitle	@db.VarChar(512)
Order.notes	@db.Text
Order.orderNumber	default VARCHAR(191)
Order.shippingAddressId	default VARCHAR(191)
OrderItem.id	default VARCHAR(191)
OrderItem.orderId	default VARCHAR(191)
OrderItem.productId	default VARCHAR(191)
OrderItem.productName	@db.VarChar(512)
OrderItem.sku	default VARCHAR(191)
OrderItem.variantId	default VARCHAR(191)
OrderStatusHistory.changedById	default VARCHAR(191)
OrderStatusHistory.id	default VARCHAR(191)
OrderStatusHistory.note	@db.Text
OrderStatusHistory.orderId	default VARCHAR(191)
Page.body	PRE-ANNOTATED
Page.id	default VARCHAR(191)
Page.metaDescription	@db.Text
Page.metaTitle	@db.VarChar(512)
Page.slug	default VARCHAR(191)
Page.title	@db.VarChar(512)
Payment.gateway	default VARCHAR(191)
Payment.id	default VARCHAR(191)
Payment.orderId	default VARCHAR(191)
Payment.paidToAccountId	default VARCHAR(191)
Payment.rejectionReason	@db.Text
Payment.senderIdentifier	default VARCHAR(191)
Payment.transactionId	default VARCHAR(191)
Payment.verifiedByUserId	default VARCHAR(191)
Permission.description	@db.Text
Permission.id	default VARCHAR(191)
Permission.name	default VARCHAR(191)
Product.badge	default VARCHAR(191)
Product.brandId	default VARCHAR(191)
Product.bundleDealId	default VARCHAR(191)
Product.categoryId	default VARCHAR(191)
Product.description	@db.Text
Product.id	default VARCHAR(191)
Product.name	@db.VarChar(255)
Product.seoDescription	@db.Text
Product.seoTitle	@db.VarChar(512)
Product.shortDescription	@db.Text
Product.sku	default VARCHAR(191)
Product.slug	default VARCHAR(191)
Product.taxRuleId	default VARCHAR(191)
Product.unit	default VARCHAR(191)
Product.video	@db.VarChar(512)
Product.videoThumbnail	@db.VarChar(512)
ProductAttribute.id	default VARCHAR(191)
ProductAttribute.name	default VARCHAR(191)
ProductAttribute.productId	default VARCHAR(191)
ProductAttribute.value	@db.VarChar(512)
ProductCategory.categoryId	default VARCHAR(191)
ProductCategory.id	default VARCHAR(191)
ProductCategory.productId	default VARCHAR(191)
ProductImage.altText	@db.VarChar(512)
ProductImage.id	default VARCHAR(191)
ProductImage.productId	default VARCHAR(191)
ProductImage.url	@db.VarChar(512)
ProductImage.variantId	default VARCHAR(191)
ProductTag.productId	default VARCHAR(191)
ProductTag.tagId	default VARCHAR(191)
ProductVariant.id	default VARCHAR(191)
ProductVariant.image	@db.VarChar(512)
ProductVariant.name	@db.VarChar(512)
ProductVariant.productId	default VARCHAR(191)
ProductVariant.sku	default VARCHAR(191)
ProductVariantOptionValue.valueId	default VARCHAR(191)
ProductVariantOptionValue.variantId	default VARCHAR(191)
ProductView.id	default VARCHAR(191)
ProductView.productId	default VARCHAR(191)
ProductView.viewerKey	default VARCHAR(191)
PromoBannerGroup.id	default VARCHAR(191)
PromoBannerGroup.name	@db.VarChar(512)
PurchaseOrder.id	default VARCHAR(191)
PurchaseOrder.notes	@db.Text
PurchaseOrder.purchaseNumber	default VARCHAR(191)
PurchaseOrder.supplierId	default VARCHAR(191)
PurchaseOrderItem.id	default VARCHAR(191)
PurchaseOrderItem.productId	default VARCHAR(191)
PurchaseOrderItem.purchaseOrderId	default VARCHAR(191)
PurchaseOrderItem.variantId	default VARCHAR(191)
Refund.completedReturnRequestId	default VARCHAR(191)
Refund.id	default VARCHAR(191)
Refund.orderId	default VARCHAR(191)
Refund.paymentId	default VARCHAR(191)
Refund.reason	@db.Text
ReturnItem.id	default VARCHAR(191)
ReturnItem.orderItemId	default VARCHAR(191)
ReturnItem.reason	@db.Text
ReturnItem.returnRequestId	default VARCHAR(191)
ReturnRequest.customerId	default VARCHAR(191)
ReturnRequest.description	@db.Text
ReturnRequest.id	default VARCHAR(191)
ReturnRequest.orderId	default VARCHAR(191)
ReturnRequest.reason	@db.Text
ReturnRequest.returnNumber	default VARCHAR(191)
Review.adminReply	@db.Text
Review.comment	@db.Text
Review.customerId	default VARCHAR(191)
Review.id	default VARCHAR(191)
Review.productId	default VARCHAR(191)
Review.title	@db.VarChar(512)
Role.description	@db.Text
Role.id	default VARCHAR(191)
Role.name	default VARCHAR(191)
RolePermission.id	default VARCHAR(191)
RolePermission.permissionId	default VARCHAR(191)
RolePermission.roleId	default VARCHAR(191)
Session.id	default VARCHAR(191)
Session.ipAddress	default VARCHAR(191)
Session.token	default VARCHAR(191)
Session.userAgent	@db.Text
Session.userId	default VARCHAR(191)
Shipment.carrier	default VARCHAR(191)
Shipment.consignmentId	default VARCHAR(191)
Shipment.courierInvoice	@db.VarChar(512)
Shipment.courierStatus	default VARCHAR(191)
Shipment.id	default VARCHAR(191)
Shipment.orderId	default VARCHAR(191)
Shipment.trackingNumber	default VARCHAR(191)
Stock.id	default VARCHAR(191)
Stock.productId	default VARCHAR(191)
Stock.variantId	default VARCHAR(191)
Stock.warehouseId	default VARCHAR(191)
StockMovement.id	default VARCHAR(191)
StockMovement.note	@db.Text
StockMovement.productId	default VARCHAR(191)
StockMovement.referenceId	default VARCHAR(191)
StockMovement.variantId	default VARCHAR(191)
StockMovement.warehouseId	default VARCHAR(191)
StoreSetting.aboutText	@db.Text
StoreSetting.activeLandingPageId	default VARCHAR(191)
StoreSetting.address	@db.VarChar(512)
StoreSetting.contactEmail	default VARCHAR(191)
StoreSetting.contactPhone	default VARCHAR(191)
StoreSetting.copyrightText	@db.VarChar(512)
StoreSetting.currency	default VARCHAR(191)
StoreSetting.currencySymbol	default VARCHAR(191)
StoreSetting.faviconUrl	@db.VarChar(512)
StoreSetting.footerLogoUrl	@db.VarChar(512)
StoreSetting.id	default VARCHAR(191)
StoreSetting.logoUrl	@db.VarChar(512)
StoreSetting.metaDescription	@db.Text
StoreSetting.metaTitle	@db.VarChar(512)
StoreSetting.siteNameAccent	default VARCHAR(191)
StoreSetting.siteUrl	@db.VarChar(512)
StoreSetting.storeName	@db.VarChar(512)
Supplier.address	@db.VarChar(512)
Supplier.city	default VARCHAR(191)
Supplier.companyName	@db.VarChar(512)
Supplier.country	default VARCHAR(191)
Supplier.email	default VARCHAR(191)
Supplier.id	default VARCHAR(191)
Supplier.name	@db.VarChar(255)
Supplier.phone	default VARCHAR(191)
SupplierPayment.id	default VARCHAR(191)
SupplierPayment.note	@db.Text
SupplierPayment.purchaseOrderId	default VARCHAR(191)
SupplierPayment.reference	default VARCHAR(191)
SupplierPayment.supplierId	default VARCHAR(191)
SupportMessage.id	default VARCHAR(191)
SupportMessage.message	@db.Text
SupportMessage.senderId	default VARCHAR(191)
SupportMessage.ticketId	default VARCHAR(191)
SupportTicket.assignedToId	default VARCHAR(191)
SupportTicket.customerId	default VARCHAR(191)
SupportTicket.description	@db.Text
SupportTicket.id	default VARCHAR(191)
SupportTicket.subject	@db.VarChar(512)
SupportTicket.ticketNumber	default VARCHAR(191)
Tag.id	default VARCHAR(191)
Tag.name	@db.VarChar(255)
TaxRule.id	default VARCHAR(191)
TaxRule.name	@db.VarChar(255)
Testimonial.authorName	@db.VarChar(512)
Testimonial.authorRole	@db.VarChar(512)
Testimonial.id	default VARCHAR(191)
Testimonial.photoUrl	@db.VarChar(512)
Testimonial.quote	PRE-ANNOTATED
User.contactNumber	default VARCHAR(191)
User.email	@db.VarChar(255)
User.id	default VARCHAR(191)
User.image	@db.VarChar(512)
User.name	default VARCHAR(191)
User.roleId	default VARCHAR(191)
Verification.id	default VARCHAR(191)
Verification.identifier	default VARCHAR(191)
Verification.value	@db.Text
Warehouse.address	@db.VarChar(512)
Warehouse.city	default VARCHAR(191)
Warehouse.code	default VARCHAR(191)
Warehouse.country	default VARCHAR(191)
Warehouse.id	default VARCHAR(191)
Warehouse.name	@db.VarChar(255)
Wishlist.customerId	default VARCHAR(191)
Wishlist.id	default VARCHAR(191)
WishlistItem.id	default VARCHAR(191)
WishlistItem.productId	default VARCHAR(191)
WishlistItem.wishlistId	default VARCHAR(191)
